{
  "dataset_version": "token404_sample_yh.xlsx",
  "label_version": "runtime_input",
  "split_seed": 42,
  "context_mode": "sentence_only",
  "winner": "e5_logreg",
  "models": [
    {
      "model_name": "centroid_e5",
      "embedding_model": "intfloat/e5-large-v2",
      "classifier": "centroid",
      "calibration_method": null,
      "thresholds": {
        "per_class": {
          "ISSUE": 0.85,
          "REMEDIATION": 0.85,
          "OTHER": 0.85
        },
        "default_prob": 0.85,
        "global_margin": 0.2
      },
      "cv_metrics": {
        "macro_f1": 0.8525239576425365,
        "per_class": {
          "ISSUE": {
            "precision": 0.926829268292683,
            "recall": 0.9382716049382716,
            "f1": 0.9325153374233128,
            "support": 81
          },
          "REMEDIATION": {
            "precision": 0.8285714285714286,
            "recall": 0.9354838709677419,
            "f1": 0.8787878787878788,
            "support": 31
          },
          "OTHER": {
            "precision": 0.8064516129032258,
            "recall": 0.6944444444444444,
            "f1": 0.746268656716418,
            "support": 36
          }
        },
        "confusion_matrix": [
          [
            76,
            1,
            4
          ],
          [
            0,
            29,
            2
          ],
          [
            6,
            5,
            25
          ]
        ],
        "review_rate": 1.0,
        "auto_precision": {
          "ISSUE": 0.0,
          "REMEDIATION": 0.0,
          "OTHER": 0.0
        },
        "auto_coverage": {
          "ISSUE": 0,
          "REMEDIATION": 0,
          "OTHER": 0
        },
        "slice_metrics": {
          "mixed_AB": {
            "support": 1,
            "macro_f1": 0.0
          },
          "needs_context": {
            "support": 10,
            "macro_f1": 0.5523809523809523
          },
          "attestation": {
            "support": 5,
            "macro_f1": 0.3333333333333333
          },
          "short_sentence": {
            "support": 34,
            "macro_f1": 0.840311004784689
          },
          "legacy_AB": {
            "support": 25,
            "macro_f1": 0.7870370370370371
          },
          "legacy_negative": {
            "support": 35,
            "macro_f1": 0.7104454685099846
          }
        }
      },
      "test_metrics": {
        "macro_f1": 0.8759398496240601,
        "per_class": {
          "ISSUE": {
            "precision": 1.0,
            "recall": 0.9,
            "f1": 0.9473684210526315,
            "support": 20
          },
          "REMEDIATION": {
            "precision": 0.85,
            "recall": 0.9444444444444444,
            "f1": 0.8947368421052632,
            "support": 18
          },
          "OTHER": {
            "precision": 0.7857142857142857,
            "recall": 0.7857142857142857,
            "f1": 0.7857142857142857,
            "support": 14
          }
        },
        "confusion_matrix": [
          [
            18,
            0,
            2
          ],
          [
            0,
            17,
            1
          ],
          [
            0,
            3,
            11
          ]
        ],
        "review_rate": 1.0,
        "auto_precision": {
          "ISSUE": 0.0,
          "REMEDIATION": 0.0,
          "OTHER": 0.0
        },
        "auto_coverage": {
          "ISSUE": 0,
          "REMEDIATION": 0,
          "OTHER": 0
        },
        "slice_metrics": {
          "needs_context": {
            "support": 5,
            "macro_f1": 0.5555555555555555
          },
          "attestation": {
            "support": 5,
            "macro_f1": 0.3333333333333333
          },
          "short_sentence": {
            "support": 12,
            "macro_f1": 0.6722222222222222
          },
          "legacy_AB": {
            "support": 5,
            "macro_f1": 0.6
          },
          "legacy_negative": {
            "support": 5,
            "macro_f1": 0.6
          }
        }
      }
    },
    {
      "model_name": "e5_logreg",
      "embedding_model": "intfloat/e5-large-v2",
      "classifier": "logreg",
      "calibration_method": "sigmoid",
      "thresholds": {
        "per_class": {
          "ISSUE": 0.5,
          "REMEDIATION": 0.6,
          "OTHER": 0.85
        },
        "default_prob": 0.85,
        "global_margin": 0.2
      },
      "cv_metrics": {
        "macro_f1": 0.8446387392426428,
        "per_class": {
          "ISSUE": {
            "precision": 0.8977272727272727,
            "recall": 0.9753086419753086,
            "f1": 0.9349112426035503,
            "support": 81
          },
          "REMEDIATION": {
            "precision": 0.8055555555555556,
            "recall": 0.9354838709677419,
            "f1": 0.8656716417910447,
            "support": 31
          },
          "OTHER": {
            "precision": 0.9166666666666666,
            "recall": 0.6111111111111112,
            "f1": 0.7333333333333333,
            "support": 36
          }
        },
        "confusion_matrix": [
          [
            79,
            1,
            1
          ],
          [
            1,
            29,
            1
          ],
          [
            8,
            6,
            22
          ]
        ],
        "review_rate": 0.24324324324324326,
        "auto_precision": {
          "ISSUE": 0.9058823529411765,
          "REMEDIATION": 0.9629629629629629,
          "OTHER": 0.0
        },
        "auto_coverage": {
          "ISSUE": 85,
          "REMEDIATION": 27,
          "OTHER": 0
        },
        "slice_metrics": {
          "mixed_AB": {
            "support": 1,
            "macro_f1": 0.0
          },
          "needs_context": {
            "support": 10,
            "macro_f1": 0.4444444444444444
          },
          "attestation": {
            "support": 5,
            "macro_f1": 0.3333333333333333
          },
          "short_sentence": {
            "support": 34,
            "macro_f1": 0.7876050420168067
          },
          "legacy_AB": {
            "support": 25,
            "macro_f1": 0.7149122807017544
          },
          "legacy_negative": {
            "support": 35,
            "macro_f1": 0.6784925276153345
          }
        }
      },
      "test_metrics": {
        "macro_f1": 0.8946368770930174,
        "per_class": {
          "ISSUE": {
            "precision": 1.0,
            "recall": 0.95,
            "f1": 0.9743589743589743,
            "support": 20
          },
          "REMEDIATION": {
            "precision": 0.85,
            "recall": 0.9444444444444444,
            "f1": 0.8947368421052632,
            "support": 18
          },
          "OTHER": {
            "precision": 0.8461538461538461,
            "recall": 0.7857142857142857,
            "f1": 0.8148148148148148,
            "support": 14
          }
        },
        "confusion_matrix": [
          [
            19,
            0,
            1
          ],
          [
            0,
            17,
            1
          ],
          [
            0,
            3,
            11
          ]
        ],
        "review_rate": 0.25,
        "auto_precision": {
          "ISSUE": 1.0,
          "REMEDIATION": 0.8333333333333334,
          "OTHER": 1.0
        },
        "auto_coverage": {
          "ISSUE": 18,
          "REMEDIATION": 18,
          "OTHER": 3
        },
        "slice_metrics": {
          "needs_context": {
            "support": 5,
            "macro_f1": 0.5555555555555555
          },
          "attestation": {
            "support": 5,
            "macro_f1": 0.3333333333333333
          },
          "short_sentence": {
            "support": 12,
            "macro_f1": 0.7407407407407406
          },
          "legacy_AB": {
            "support": 5,
            "macro_f1": 0.6
          },
          "legacy_negative": {
            "support": 5,